{
  "parent": "minecraft:item/handheld",
  "textures": {
    "layer0": "minecraft:item/stick"
  },
  "overrides": [
    {"predicate": {"custom_model_data": 18001}, "model": "item/custom/old_survival_wand1"},
    {"predicate": {"custom_model_data": 18002}, "model": "item/custom/old_survival_wand2"},
    {"predicate": {"custom_model_data": 18003}, "model": "item/custom/survival_wand1"},
    {"predicate": {"custom_model_data": 18004}, "model": "item/custom/survival_wand2"},
    {"predicate": {"custom_model_data": 18005}, "model": "item/custom/staff_survival1"},
    {"predicate": {"custom_model_data": 18006}, "model": "item/custom/staff_gandalf"},
    {"predicate": {"custom_model_data": 18007}, "model": "item/custom/staff_wolf"},
    {"predicate": {"custom_model_data": 18008}, "model": "item/custom/wolf_wand"},
    {"predicate": {"custom_model_data": 18009}, "model": "item/custom/staff_magicka"},
    {"predicate": {"custom_model_data": 18010}, "model": "item/custom/moon_wand"},
    {"predicate": {"custom_model_data": 18011}, "model": "item/custom/broomstick"},
    {"predicate": {"custom_model_data": 18012}, "model": "item/custom/blaster"},
    {"predicate": {"custom_model_data": 18013}, "model": "item/saber/lightsaber_hilt"},
    {"predicate": {"custom_model_data": 18014}, "model": "item/saber/lightsaber_hilt"},
    {"predicate": {"custom_model_data": 18015}, "model": "item/custom/hat_cloak"},
    {"predicate": {"custom_model_data": 18016}, "model": "item/custom/hat_eye"},
    {"predicate": {"custom_model_data": 18017}, "model": "item/custom/magic_hat"},
    {"predicate": {"custom_model_data": 18018}, "model": "item/custom/ocarina"},
    {"predicate": {"custom_model_data": 18019}, "model": "item/bending/airbending"},
    {"predicate": {"custom_model_data": 18020}, "model": "item/bending/waterbending"},
    {"predicate": {"custom_model_data": 18021}, "model": "item/bending/earthbending"},
    {"predicate": {"custom_model_data": 18022}, "model": "item/bending/firebending"},
    {"predicate": {"custom_model_data": 18023}, "model": "item/bending/avatar"},
    {"predicate": {"custom_model_data": 18024}, "model": "item/flat/skinny"},
    {"predicate": {"custom_model_data": 18025}, "model": "item/flat/black"},
    {"predicate": {"custom_model_data": 18026}, "model": "item/flat/brown"},
    {"predicate": {"custom_model_data": 18027}, "model": "item/flat/elder"},
    {"predicate": {"custom_model_data": 18028}, "model": "item/flat/wolf"},
    {"predicate": {"custom_model_data": 18029}, "model": "item/custom/broomstick2"},
    {"predicate": {"custom_model_data": 18030}, "model": "item/custom/crystalball"},
    {"predicate": {"custom_model_data": 18031}, "model": "item/custom/enchantedbook"},
    {"predicate": {"custom_model_data": 18032}, "model": "item/custom/extinguisher"},
    {"predicate": {"custom_model_data": 18033}, "model": "item/bending/air_glider"},
    {"predicate": {"custom_model_data": 18034}, "model": "item/bending/air_staff"},
    {"predicate": {"custom_model_data": 18035}, "model": "item/custom/riverglow"},
    {"predicate": {"custom_model_data": 18036}, "model": "item/custom/lixwglow"},
    {"predicate": {"custom_model_data": 18037}, "model": "item/custom/wandb"},
    {"predicate": {"custom_model_data": 18038}, "model": "item/custom/sortinghat"},
    {"predicate": {"custom_model_data": 18039}, "model": "item/custom/staff_survival2"},
    {"predicate": {"custom_model_data": 18040}, "model": "item/custom/totem"},
    {"predicate": {"custom_model_data": 18041}, "model": "item/custom/green_wand"},
    {"predicate": {"custom_model_data": 18042}, "model": "item/custom/nothing"},
    {"predicate": {"custom_model_data": 18043}, "model": "item/custom/gauntlet"},
    {"predicate": {"custom_model_data": 18044}, "model": "item/custom/magmawand"},
    {"predicate": {"custom_model_data": 18045}, "model": "item/spells/wand"},
    {"predicate": {"custom_model_data": 18046}, "model": "item/spells_disabled/wand"},
    {"predicate": {"custom_model_data": 18047}, "model": "item/custom/broomstick_handle"},
    {"predicate": {"custom_model_data": 18048}, "model": "item/custom/broomstick2_handle"}
  ]
}
