{
	"credit": "Made with Blockbench",
	"textures": {
		"0": "block/oak_log_top",
		"1": "block/oak_log",
		"3": "block/coal_block",
		"particle": "block/oak_log_top"
	},
	"elements": [
		{
			"from": [0, 0, 0],
			"to": [16, 16, 16],
			"faces": {
				"east": {"uv": [0, 0, 16, 16], "texture": "#1"},
				"south": {"uv": [0, 0, 16, 16], "texture": "#1"},
				"west": {"uv": [0, 0, 16, 16], "texture": "#1"},
				"up": {"uv": [0, 0, 16, 16], "texture": "#0"},
				"down": {"uv": [0, 0, 16, 16], "texture": "#0"}
			}
		},
		{
			"from": [10, 4, 0],
			"to": [10, 13, 2],
			"faces": {
				"north": {"uv": [0, 0, 0, 9], "texture": "#missing"},
				"east": {"uv": [0, 0, 2, 9], "texture": "#missing"},
				"south": {"uv": [0, 0, 0, 9], "texture": "#missing"},
				"west": {"uv": [0, 0, 2, 9], "texture": "#1"},
				"up": {"uv": [0, 0, 0, 2], "texture": "#missing"},
				"down": {"uv": [0, 0, 0, 2], "texture": "#missing"}
			}
		},
		{
			"from": [5, 4, 0],
			"to": [5, 13, 2],
			"faces": {
				"north": {"uv": [0, 0, 0, 9], "texture": "#missing"},
				"east": {"uv": [0, 0, 2, 9], "texture": "#1"},
				"south": {"uv": [0, 0, 0, 9], "texture": "#missing"},
				"west": {"uv": [0, 0, 2, 9], "texture": "#missing"},
				"up": {"uv": [0, 0, 0, 2], "texture": "#missing"},
				"down": {"uv": [0, 0, 0, 2], "texture": "#missing"}
			}
		},
		{
			"from": [5, 4, 0],
			"to": [11, 4, 2],
			"faces": {
				"north": {"uv": [0, 0, 6, 0], "texture": "#missing"},
				"east": {"uv": [0, 0, 2, 0], "texture": "#missing"},
				"south": {"uv": [0, 0, 6, 0], "texture": "#missing"},
				"west": {"uv": [0, 0, 2, 0], "texture": "#missing"},
				"up": {"uv": [0, 0, 6, 2], "texture": "#1"},
				"down": {"uv": [0, 0, 6, 2], "texture": "#missing"}
			}
		},
		{
			"from": [5, 13, 0],
			"to": [11, 13, 2],
			"faces": {
				"down": {"uv": [0, 0, 6, 2], "texture": "#1"}
			}
		},
		{
			"from": [5, 4, 2],
			"to": [11, 13, 2],
			"faces": {
				"north": {"uv": [0, 0, 6, 9], "texture": "#3"},
				"east": {"uv": [0, 0, 0, 9], "texture": "#missing"},
				"south": {"uv": [0, 0, 6, 9], "texture": "#missing"},
				"west": {"uv": [0, 0, 0, 9], "texture": "#missing"},
				"up": {"uv": [0, 0, 6, 0], "texture": "#missing"},
				"down": {"uv": [0, 0, 6, 0], "texture": "#missing"}
			}
		},
		{
			"from": [0, 0, 0],
			"to": [16, 4, 0],
			"faces": {
				"north": {"uv": [0, 12, 16, 16], "texture": "#1"},
				"east": {"uv": [0, 0, 0, 4], "texture": "#missing"},
				"south": {"uv": [0, 0, 16, 4], "texture": "#missing"},
				"west": {"uv": [0, 0, 0, 4], "texture": "#missing"},
				"up": {"uv": [0, 0, 16, 0], "texture": "#missing"},
				"down": {"uv": [0, 0, 16, 0], "texture": "#missing"}
			}
		},
		{
			"from": [0, 13, 0],
			"to": [16, 16, 0],
			"faces": {
				"north": {"uv": [0, 0, 16, 3], "texture": "#1"},
				"east": {"uv": [0, 0, 0, 3], "texture": "#missing"},
				"south": {"uv": [0, 0, 16, 3], "texture": "#missing"},
				"west": {"uv": [0, 0, 0, 3], "texture": "#missing"},
				"up": {"uv": [0, 0, 16, 0], "texture": "#missing"},
				"down": {"uv": [0, 0, 16, 0], "texture": "#missing"}
			}
		},
		{
			"from": [0, 4, 0],
			"to": [5, 13, 0],
			"faces": {
				"north": {"uv": [11, 3, 16, 12], "texture": "#1"},
				"east": {"uv": [0, 0, 0, 9], "texture": "#missing"},
				"south": {"uv": [0, 0, 5, 9], "texture": "#missing"},
				"west": {"uv": [0, 0, 0, 9], "texture": "#missing"},
				"up": {"uv": [0, 0, 5, 0], "texture": "#missing"},
				"down": {"uv": [0, 0, 5, 0], "texture": "#missing"}
			}
		},
		{
			"from": [10, 4, 0],
			"to": [16, 13, 0],
			"faces": {
				"north": {"uv": [0, 3, 5, 12], "texture": "#1"},
				"east": {"uv": [0, 0, 0, 9], "texture": "#missing"},
				"south": {"uv": [0, 0, 5, 9], "texture": "#missing"},
				"west": {"uv": [0, 0, 0, 9], "texture": "#missing"},
				"up": {"uv": [0, 0, 5, 0], "texture": "#missing"},
				"down": {"uv": [0, 0, 5, 0], "texture": "#missing"}
			}
		},
		{
			"from": [5, 4, 0],
			"to": [6, 9, 2],
			"faces": {
				"north": {"uv": [0, 0, 1, 5], "texture": "#1"},
				"east": {"uv": [0, 0, 2, 5], "texture": "#1"},
				"south": {"uv": [0, 0, 1, 5], "texture": "#missing"},
				"west": {"uv": [0, 0, 2, 5], "texture": "#missing"},
				"up": {"uv": [0, 0, 1, 2], "texture": "#1"},
				"down": {"uv": [0, 0, 1, 2], "texture": "#missing"}
			}
		},
		{
			"from": [9, 11, 0],
			"to": [10, 13, 2],
			"faces": {
				"north": {"uv": [0, 0, 1, 2], "texture": "#1"},
				"east": {"uv": [0, 0, 2, 2], "texture": "#1"},
				"south": {"uv": [0, 0, 1, 2], "texture": "#missing"},
				"west": {"uv": [0, 0, 2, 2], "texture": "#1"},
				"up": {"uv": [0, 0, 1, 2], "texture": "#1"},
				"down": {"uv": [0, 0, 1, 2], "texture": "#1"}
			}
		},
		{
			"from": [9, 4, 0],
			"to": [10, 6, 2],
			"faces": {
				"north": {"uv": [0, 0, 1, 2], "texture": "#1"},
				"east": {"uv": [0, 0, 2, 2], "texture": "#1"},
				"south": {"uv": [0, 0, 1, 2], "texture": "#missing"},
				"west": {"uv": [0, 0, 2, 2], "texture": "#1"},
				"up": {"uv": [0, 0, 1, 2], "texture": "#1"},
				"down": {"uv": [0, 0, 1, 2], "texture": "#1"}
			}
		}
	]
}