{
    "variants": {
        "distance=1": [
			{ "model": "block/leaves/birch_leaves" },
			{ "model": "block/leaves/birch_leaves_bushy_0" }
				],
        "distance=2": [
			{ "model": "block/leaves/birch_leaves" },
			{ "model": "block/leaves/birch_leaves_bushy_0" }
				],
        "distance=3": [
			{ "model": "block/leaves/birch_leaves" },
			{ "model": "block/leaves/birch_leaves_bushy_0" }
				],
        "distance=4": [
			{ "model": "block/leaves/birch_leaves" },
			{ "model": "block/leaves/birch_leaves_bushy_0" }
				],
        "distance=5": [
			{ "model": "block/leaves/birch_leaves" },
			{ "model": "block/leaves/birch_leaves_bushy_0" }
				],
        "distance=6": [
			{ "model": "block/leaves/birch_leaves" },
			{ "model": "block/leaves/birch_leaves_bushy_0" }
				],
        "distance=7": [
			{ "model": "block/leaves/birch_leaves" },
			{ "model": "block/leaves/birch_leaves_bushy_0" }
				]
    }
}
