{
    "variants": {
        "": [ 
			{ "model": "block/cactus", "weight":20 },
			{ "model": "block/cactus/cactus_flower_0", "weight":1 },
			{ "model": "block/cactus/cactus_flower_0", "weight":1, "y": 90 },
			{ "model": "block/cactus/cactus_flower_1", "weight":1 },
			{ "model": "block/cactus/cactus_flower_1", "weight":1, "y": 90 },
			{ "model": "block/cactus/cactus_flower_2", "weight":1 },
			{ "model": "block/cactus/cactus_flower_2", "weight":1, "y": 90 },
			{ "model": "block/cactus/cactus_flower_3", "weight":1}
		]   
	}
}

